Index,ID,Species,DNA,PS,v1,v2,v3,v4,v5,v6,v7,v8,v9,v10
1:00,tr|A0A668URD1|A0A668URD1_OREAU,Oreochromis aureus (Israeli tilapia),"ATGAAGCTGTGGTTCCTGATCCTGATGGTGGTGTACATGGTGGGCAGCGTGCACAACCTG
AGCACCTGCAACACCGTGGACCTGGAGATGGTGAAGAAGAAGAGGATCGAGGCCATCAGG
AGCCAGATCCTGACCAAGCTGAGGCTGCAGAAGGCCCCCGACGAGGCCGGCGAGAAGGAG
GAGATCCCCGCCAACCTGCTGAGCCTGTACAACAGCACCAGCGAGATCCTGCTGGAGAAG
CAGGACGAGGAGCAGAAGATCATCCCCAGGGAGCAGGAGGAGGAGGAGTACTTCGCCAAG
GTGCTGAACAGGTTCAACATGACCACCAAGAACGACACCAACATCAACTACAAGCCCAAG
GTGATCAGCATGAGCTTCAACATCAGCGAGATCAGGAGCAACGTGGGCGACGGCCTGCTG
CTGACCAGGGCCGAGCTGAGGATGCTGATCAAGGAGCCCATGATCCTGAACGAGGAGAGG
GTGGAGCTGTACCACAGCCAGGGCACCAGCACCCACTACCTGGCCAGCAGGTTCGTGACC
AACACCCTGAAGGACAAGTGGCTGAGCTTCGACGTGACCGAGCCCCTGCAGACCTGGCTG
AAGGGCAACGAGAACGAGCAGAAGTTCGAGCTGAGGAGGTACTGCGAGTGCGGCAACAAC
GACGACACCCTGAGCTTCAGCATCAGCGGCACCATGAGCAGGAGGGGCGACACCAAGGAC
CTGCAGAAGCTGAACCAGCAGCTGCCCTACATCTTCACCATGAGCATCCCCAAGACCAAC
CACAGCAAGAGCCTGAGGACCAAGAGGAGCACCGACACCACCGACAGCTGCAGCACCCAG
AGCCACAACTGCTGCCTGAAGAAGCTGTACATCGACTTCAGGAAGGACCTGGGCTGGAAG
TGGATCCACAAGCCCATGGGCTACTACGCCAACTACTGCATGGGCAGCTGCACCTACATC
TGGGACGCCGAGAACAAGTACAGCCAGATCCTGGCCCTGTACAAGCACCACAACCCCGGC
GCCAGCGCCCAGCCCTGCTGCGCCCCCCAGACCCTGGAGCCCCTGCCCATCATCTACTAC
GTGGGCAGGCAGCACAAGGTGGAGCAGCTGAGCAACATGATCGTGACCAGCTGCAAGTGC
AGC
","MKLWF---LILMVVYMVGSVHNLSTCNTVDLEMVKKKRIEAIRSQILTKLRLQKAP--DE
AGEKEEIPANLLSLYNSTSEILLEKQDEEQKIIPREQEEEEYFAKVLNRFNMTTKNDTNI
NYKPKVISMSFNISEIRSNVGDGLLLTRAELRMLIKEPMIL--NEERVELYHSQGTSTHY
LASRFVTNTLKDKWLSFDVTEPLQTWLKGNE-NEQKFELRRYCECGNNDD--TLSFSISG
TMS-RRGDTKDLQKLNQQLPYIFTMSIPKTNHSKSL-RTKRSTDT----TDSCSTQSHNC
CLKKLYIDFRKDLGWKWIHKPMGYYANYCMGSCTYIWDAENKYSQILALYKHHNPGASAQ
PCCAPQTLEPLPIIYYVGRQHKVEQLSNMIVTSCKCS (381)",100,66.93,66.84,66.84,67.57,64.71,63.83,63.34,59.25,59.09
2:00,tr|A0A6B9TMI8|A0A6B9TMI8_TREBE,Trematomus bernacchii (Emerald rockcod) (Pseudotrematomus bernacchii),"ATGAAGCTGGCCCTGCTGATGCTGATGGTGGTGTACATGGTGGGCAACGTGAGCAGCATG
AGCACCTGCAAGACCCTGGACCTGGAGATGGTGAAGAAGAAGAGGATCGAGGCCATCAGG
AGCCAGATCCTGAGCAAGCTGAGGATGCCCAAGGAGCCCGAGCCCGACCAGACCGGCGAC
GACGAGGAGATCCCCGTGCCCCTGCTGAGCCTGTACAACAGCACCAAGGAGATCCTGACC
GAGCAGCAGAGCGAGGTGCAGACCGACATCAGCACCGAGCAGGAGGAGGAGGAGTACTTC
GCCAAGGTGCTGCACAAGTTCAACATGACCGACCCCACCGAGACCAACTACACCGAGGAG
GGCAAGACCAAGATGATGATCTTCAACCTGAGCGAGATCAGGAAGAGCGTGGGCGACTAC
AGGCTGCTGACCAGCGCCGAGCTGAGGATCCTGATCAAGAGCCCCAGCATGAACACCAAC
AAGGAGAAGAGGGTGGAGCTGTACCAGGGCCTGGGCATCGCCAGGAGGTACCTGGTGAGC
AGGTTCGTGAGCATCGACTGGAAGGACAAGTGGATGAGCTTCGACGTGACCGAGAGCCTG
CAGACCTGGCTGAAGGGCACCGAGGACGAGCAGGGCTTCCAGCTGAGGCTGTTCTGCGAG
TGCGACCTGAACATCAGCGAGGACTTCGACTTCAAGATCAGCGGCATCGACCAGAGCAGG
GGCGACAAGAGCGTGATGGAGCTGCTGACCAAGCAGCCCCCCTACATCCTGACCATGAGC
ATCCCCCAGAACAGCAGCAGCCACCTGACCAGCAGGAGGAAGAGGAGCACCGACATCAAG
GACACCTGCACCGCCACCACCGAGACCTGCTGCGTGAGGAGCCTGTACATCGACTTCAGG
AAGGACCTGGGCTGGAAGTGGATCCACAAGCCCACCGGCTACAACGCCAACTACTGCATG
GGCAGCTGCACCTACATCTGGAACGCCGAGAACAAGTACAGCCAGATCCTGGCCCTGTAC
AAGCACCACAACCCCGGCGCCAGCGCCCAGCCCTGCTGCGTGCCCCAGGCCCTGGAGCCC
CTGCCCATCCTGTACTACGTGGGCAGGCAGCACAAGGTGGAGCAGCTGAGCAACATGGTG
GTGAAGAGCTGCAAGTGCAGC","MKLAL---LMLMVVYMVGNVSSMSTCKTLDLEMVKKKRIEAIRSQILSKLRMPKEPEPDQ
TGDDEEIPVPLLSLYNSTKEILTEQQSEVQTDISTEQEEEEYFAKVLHKFNMTDPTETNY
TEEGKTKMMIFNLSEIRKSVGDYRLLTSAELRILIKSPSMNTNKEKRVELYQGLGIARRY
LVSRFVSIDWKDKWMSFDVTESLQTWLKGTE-DEQGFQLRLFCECDLNIS-EDFDFKISG
IDQ-SRGDKSVMELLTKQPPYILTMSIPQNSSSHLTSRRKRSTDI----KDTCTATTETC
CVRSLYIDFRKDLGWKWIHKPTGYNANYCMGSCTYIWNAENKYSQILALYKHHNPGASAQ
PCCVPQALEPLPILYYVGRQHKVEQLSNMVVKSCKCS (387)",66.93,100,70.11,69.84,70.89,69.58,68.16,69.95,65.87,65.96
3:00,tr|A0A8C7Y7S4|A0A8C7Y7S4_9TELE,Oryzias sinensis (Chinese medaka),"ATGAAGCTGGAGTTCCTGCTGCTGATGGTGGCCTACATGCTGGACAACGTGAGCAGCATG
AGCACCTGCAAGACCGTGGACCAGGAGATCATCAAGAAGAAGAGGATCGAGGCCATCAGG
AGCCAGATCCTGAGCAAGCTGAGGATGGCCAAGGCCCCCGAGCCCGACGAGGCCGGCGAG
AAGGAGGAGATCCCCAGCAGCCTGCTGAGCCTGTACAACAACACCAAGGACATGCTGAAG
GAGCAGCAGACCGTGGTGGAGACCGTGAGCAGCGAGCAGGAGGAGGAGGAGTACTTCGCC
AAGGCCATCAACAAGTTCAACATCACCAACAAGACCAGCACCGAGAAGTTCAAGAAGATG
ATCTTCAACATCAGCAAGATCAGGGAGAGGGTGGGCGACAGCAGCCTGCTGACCAGGGCC
GAGCTGAGGATGCTGATCAGGAACACCAGGATCCCCGACGAGGAGAGGGTGGAGCTGTAC
TACAGCGCCGGCACCGCCCTGAGGTACCACACCAGCCAGTTCATCACCAACGCCCTGAGG
GACAAGTGGCTGAGCTTCGACGTGACCGAGCCCCTGAGGGCCTGGCTGGGCAAGACCGAG
ATCGAGCAGATCTTCGAGCTGAGGGTGTTCTGCGAGTGCGGCCAGCCCAGCACCATCTTC
AGCTTCGACATCAGCGGCATGGAGACCAAGAGGACCGACACCGCCGTGATCCAGATCCTG
ACCGACCAGGTGCCCTACATCCTGACCATGAGCATCCCCCAGAACATGAGCAGCCACCTG
ACCAGCAGGAAGAAGAGGAGCACCGACAGCAGCGACACCTGCACCGCCCAGACCGAGACC
TGCTGCATGCAGAGCCTGTACATCGACTTCAGGAAGGACCTGGGCTGGAAGTGGATCCAC
AAGCCCACCGGCTACTACGCCAACTACTGCAAGGGCAGCTGCAGCTACATCTGGAACGCC
GAGAACAAGTACAGCCAGATCCTGGCCCTGTACAAGCACCACAACCCCGGCGCCAGCGCC
CAGCCCTGCTGCGTGCCCCAGACCCTGGAGCCCCTGCCCATCCTGTACTACGTGGGCAGG
CAGCACAAGGTGGAGAGCCTGAGCAACATGATCGTGAAGAGCTGCAGGTGCTGC","MKLEF---LLLMVAYMLDNVSSMSTCKTVDQEIIKKKRIEAIRSQILSKLRMAKAPEPDE
AGEKEEIPSSLLSLYNNTKDMLKEQQTVV-ETVSSEQEEEEYFAKAINKFNITNKT----
-STEKFKKMIFNISKIRERVGDSSLLTRAELRMLIRNTRIP--DEERVELYYSAGTALRY
HTSQFITNALRDKWLSFDVTEPLRAWLGKTE-IEQIFELRVFCECGQP-S-TIFSFDISG
MET-KRTDTAVIQILTDQVPYILTMSIPQNMSSHLTSRKKRSTDS----SDTCTAQTETC
CMQSLYIDFRKDLGWKWIHKPTGYYANYCKGSCSYIWNAENKYSQILALYKHHNPGASAQ
PCCVPQTLEPLPILYYVGRQHKVESLSNMIVKSCRCC (378)",66.84,70.11,100,96.03,76.71,72.15,71.39,64.78,59.79,59.63
4:00,tr|H2L6V8|H2L6V8_ORYLA,Oryzias latipes (Japanese rice fish) (Japanese killifish),"ATGAAGCTGGAGTTCCTGCTGCTGATGGTGGCCTACATGCTGGACAACGTGAGCAGCATG
AGCACCTGCAAGACCGTGGACCAGGAGATCATCAAGAAGAAGAGGATCGAGGCCATCAGG
AGCCAGATCCTGAGCAAGCTGAGGATGGCCAAGGCCCCCGAGCCCGACGAGGCCGGCGAG
AAGGAGGAGATCCCCAGCAACCTGATGAGCCTGTACAACAACACCAAGGACATGCTGAAG
GAGCAGCAGACCGTGGTGGAGACCGTGAGCAGCGAGCAGGAGGAGGAGGAGTACTTCGCC
AAGGCCATCAACAAGTTCAACATCACCAACAAGACCAGCGCCGAGAAGTTCAAGAAGATG
ATCTTCAACATCAGCGAGATCAGGGAGAGCGTGGGCGACAGCAGCCTGCTGACCAGGGCC
GAGCTGAGGATGCTGATCAAGAACACCAGGATCCCCGACGAGGAGAGGGTGGAGCTGTAC
TACAGCGCCGGCACCGCCCTGAGGTACCACACCAGCCAGTTCATCACCAACGCCCTGAGG
GACAAGTGGCTGAGCTTCGACGTGACCGAGCCCCTGAGGGCCTGGCTGAGGAAGACCGAG
ATCGAGCAGATCTTCGAGCTGAGGGTGTTCTGCGACTGCGGCCAGAGCAGCACCATCTTC
AGCTTCGACATCAGCGGCATGGAGAAGAAGAGGATCGACACCGCCTTCATCCAGACCCTG
ACCGAGCCCGTGCCCTACATCCTGACCATGAGCATCCCCCAGAACATGAGCAGCCACCTG
ACCAGCAGGAAGAAGAGGAGCACCGACAGCAGCGACACCTGCACCGCCCAGACCGAGACC
TGCTGCATGCAGAGCCTGTACATCGACTTCAGGAAGGACCTGGGCTGGAAGTGGATCCAC
AAGCCCACCGGCTACTACGCCAACTACTGCAAGGGCAGCTGCAGCTACATCTGGAACGCC
GAGAACAAGTACAGCCAGATCCTGGCCCTGTACAAGCACCACAACCCCGGCGCCAGCGCC
CAGCCCTGCTGCGTGCCCCAGACCCTGGAGCCCCTGCCCATCCTGTACTACGTGGGCAGG
CAGCACAAGGTGGAGAGCCTGAGCAACATGATCGTGAAGAGCTGCAGGTGCTGC","MKLEF---LLLMVAYMLDNVSSMSTCKTVDQEIIKKKRIEAIRSQILSKLRMAKAPEPDE
AGEKEEIPSNLMSLYNNTKDMLKEQQTVV-ETVSSEQEEEEYFAKAINKFNITNKT----
-SAEKFKKMIFNISEIRESVGDSSLLTRAELRMLIKNTRIP--DEERVELYYSAGTALRY
HTSQFITNALRDKWLSFDVTEPLRAWLRKTE-IEQIFELRVFCDCGQS-S-TIFSFDISG
MEK-KRIDTAFIQTLTEPVPYILTMSIPQNMSSHLTSRKKRSTDS----SDTCTAQTETC
CMQSLYIDFRKDLGWKWIHKPTGYYANYCKGSCSYIWNAENKYSQILALYKHHNPGASAQ
PCCVPQTLEPLPILYYVGRQHKVESLSNMIVKSCRCC (378)",66.84,69.84,96.03,100,75.89,72.94,72.46,64.78,60.32,59.63
5:00,tr|A0A8C6LNA4|A0A8C6LNA4_NOTFU,Nothobranchius furzeri (Turquoise killifish),"ATGAAGCTGGGCTTCCTGCTGCTGATGGCCCTGCACATGCTGAGCAGCGTGAACAGCATG
AGCACCTGCAAGACCCTGGACCTGGAGATCGTGAGGCAGAAGAGGATCGAGGCCATCAGG
AGCCAGATCCTGAGCAAGCTGAGGCTGCCCAAGGCCCCCGAGCCCGACGAGAGCGGCAAC
AAGGAGGAGATCCCCAGCAGCCTGCTGAGCCTGTACAACAGCACCAAGGACATGCTGAAG
GAGCAGCAGATCGAGGTGCAGAAGACCATCAGCCTGGAGCAGGAGGAGGAGGAGTACTTC
GCCAAGGTGCTGAACAAGTTCAACATCACCAGCAAGGTGCTGGAGCCCCCCAAGGTGCTG
TACAACACCGTGGTGCACACCCTGCTGCTGACCAGCGCCGAGCTGAGGATGCTGATCAAG
AACCCCAGGATCGCCAGCGAGCAGAGGGTGGAGCTGTACTACAGCAGCGGCAGCAGCGTG
AGGTACCACACCAGCAGGTTCATCACCAACAGCCTGAGGGACAAGTGGCTGAGCTTCGAC
GTGACCGAGCCCCTGCAGAGGTGGCTGCAGGAGCCCGAGGACGAGCAGAGCTTCCAGCTG
AGGGTGTTCTGCGAGTGCGGCCAGCCCAGCAGCAGCTTCAGCTTCAGCATCAGCGGCACC
GAGAACAGCAGGGGCGACACCGCCATCCTGAAGAGCATGACCGAGCAGCCCCCCTACATC
CTGACCATGAGCATCCCCCAGAACATGAGCAGCCACGTGACCAGCAGGAAGAAGAGGAGC
ACCAGCGACCAGGAGACCTGCACCGCCCAGACCGAGGCCTGCTGCGTGAGGAGCCTGTAC
ATCGACTTCAGGAAGGACCTGGGCTGGAAGTGGATCCACAAGCCCACCGGCTACCACGCC
AACTACTGCATGGGCAGCTGCACCTACATCTGGAACGCCGAGAACAAGTACAGCCAGATC
CTGGCCCTGTACAAGCACCACAACCCCGGCGCCAGCGCCCAGCCCTGCTGCGTGCCCCAG
ACCCTGGAGCCCCTGCCCATCCTGTACTACGTGGGCAGGCAGCACAGGGTGGACCAGCTG
AGCAACATGATCGTGAAGAGCTGCAAGTGCAGC","MKLGF---LLLMALHMLSSVNSMSTCKTLDLEIVRQKRIEAIRSQILSKLRLPKAPEPDE
SGNKEEIPSSLLSLYNSTKDMLKEQQIEVQKTISLEQEEEEYFAKVLNKFNITSKVLEPP
K-------------VLYNTVVHTLLLTSAELRMLIKNPRIA--SEQRVELYYSSGSSVRY
HTSRFITNSLRDKWLSFDVTEPLQRWLQEPE-DEQSFQLRVFCECGQP-S-SSFSFSISG
TEN-SRGDTAILKSMTEQPPYILTMSIPQNMSSHVTSRKKRSTSD----QETCTAQTEAC
CVRSLYIDFRKDLGWKWIHKPTGYHANYCMGSCTYIWNAENKYSQILALYKHHNPGASAQ
PCCVPQTLEPLPILYYVGRQHRVDQLSNMIVKSCKCS (371)",67.57,70.89,76.71,75.89,100,81.92,80.38,69.53,63.46,63.01
6:00,tr|A0A3Q3A5K9|A0A3Q3A5K9_KRYMA,Kryptolebias marmoratus (Mangrove killifish) (Rivulus marmoratus),"ATGAGGCTGGGCTTCCTGCTGCTGCTGGCCGCCCACATGCTGGACACCGTGAGCGTGATG
AGCACCTGCAAGACCCTGGACCTGGAGATCGTGAGGCAGAAGAGGATCGAGGCCATCAGG
AGCCAGATCCTGAGCAAGCTGAGGCTGAGCAAGGCCCCCGAGCCCGACGAGAGCGGCGAC
AAGGAGGAGATCCCCAGCGCCGTGGTGAGCCTGTACAACAGCACCAAGGACCTGCTGAAG
GACCAGCAGATCGAGGTGCAGAGCACCATCAGCCCCAAGCAGGAGGAGGAGGAGTACTTC
GCCAAGGTGCTGAACAAGTTCAACATGACCGACCAGAACCACACCGAGAGCAGCAAGATC
ATGAGCTTCAACATGCCCGTGGTGAGGAGGAGCGTGGGCGACGCCAGCCTGCTGACCAGC
GCCGAGCTGAGGATGTACATCAAGGACCCCAGGATCCCCGAGGAGCAGAGGGTGGAGCTG
TACTACAGCACCAACGGCAGCGTGAGGTACCACGCCAGCAGGTTCATCACCAACCACCTG
AAGGACAAGTGGCTGAGCTTCGACGTGACCGAGCCCCTGCAGAAGTGGCTGAGGGAGCCC
GAGGACGTGCAGATCTTCCAGCTGAGGGTGTTCTGCGAGTGCGGCCAGAGCAGCAGCAAC
TTCAAGTTCAGCATCAGCGGCACCGAGAGCATCAGGGGCGACCAGGGCCAGATGAGGAAG
ATGACCGAGAAGCTGCCCTACATCCTGACCATGAGCATCCCCCAGAACATGAGCAGCCAC
CTGAGCAGCAGGAGGAAGAGGAGCACCACCGCCCAGGACACCTGCACCGCCCAGACCGAG
AGCTGCTGCGTGAGGAGCCTGTACATCGACTTCAGGAAGGACCTGGGCTGGAAGTGGATC
CACAAGCCCACCGGCTACCACGCCAACTACTGCATGGGCAGCTGCACCTACATCTGGAAC
GCCGAGAACAAGTACAGCCAGATCCTGGCCCTGTACAAGCACCACAACCCCGGCGCCAGC
GCCCAGCCCTGCTGCGTGCCCCAGGCCCTGGAGCCCCTGCCCATCCTGTACTACGTGGGC
AGGCAGCACAGGGTGGACGAGCTGAGCAACATGATCGTGAAGAGCTGCAGGTGCAGC","MRLGF---LLLLAAHMLDTVSVMSTCKTLDLEIVRQKRIEAIRSQILSKLRLSKAPEPDE
SGDKEEIPSAVVSLYNSTKDLLKDQQIEVQSTISPKQEEEEYFAKVLNKFNMTDQN----
-HTESSKIMSFNMPVVRRSVGDASLLTSAELRMYIKDPRIP--EEQRVELYYSTNGSVRY
HASRFITNHLKDKWLSFDVTEPLQKWLREP-EDVQIFQLRVFCECGQS-S-SNFKFSISG
TES-IRGDQGQMRKMTEKLPYILTMSIPQNMSSHLSSRRKRSTTA----QDTCTAQTESC
CVRSLYIDFRKDLGWKWIHKPTGYHANYCMGSCTYIWNAENKYSQILALYKHHNPGASAQ
PCCVPQALEPLPILYYVGRQHRVDELSNMIVKSCRCS (379)",64.71,69.58,72.15,72.94,81.92,100,98.67,66.94,62.2,61.23
7:00,tr|A0A3Q3A4C3|A0A3Q3A4C3_KRYMA,Kryptolebias marmoratus (Mangrove killifish) (Rivulus marmoratus),"ATGAGGCTGGGCTTCCTGCTGCTGCTGGCCGCCCACATGCTGGACACCGTGAGCGTGATG
AGCACCTGCAAGACCCTGGACCTGGAGATCGTGAGGCAGAAGAGGATCGAGGCCATCAGG
AGCCAGATCCTGAGCAAGCTGAGGCTGAGCAAGGCCCCCGAGCCCGACGAGAGCGGCGAC
AAGGAGGAGATCCCCAGCGCCGTGGTGAGCCTGTACAACAGCACCAAGGACCTGCTGAAG
GACCAGCAGATCGAGGTGCAGAGCACCATCAGCCCCAAGCAGGAGGAGGAGGAGTACTTC
GCCAAGGTGCTGAACAAGTTCAACATGACCGTGAGGGCCAAGAACGACACCAGCTGCCTG
GAGAGCAGCAAGATCATGAGCTTCAACATGCCCGTGGTGAGGAGGAGCGTGGGCGACGCC
AGCCTGCTGACCAGCGCCGAGCTGAGGATGTACATCAAGGACCCCAGGATCCCCGAGGAG
CAGAGGGTGGAGCTGTACTACAGCACCAACGGCAGCGTGAGGTACCACGCCAGCAGGTTC
ATCACCAACCACCTGAAGGACAAGTGGCTGAGCTTCGACGTGACCGAGCCCCTGCAGAAG
TGGCTGAGGGAGCCCGGCGAGGACGTGCAGATCTTCCAGCTGAGGGTGTTCTGCGAGTGC
GGCCAGAGCAGCAGCAACTTCAAGTTCAGCATCAGCGGCACCGAGAGCATCAGGGGCGAC
CAGGGCCAGATGAGGAAGATGACCGAGAAGCTGCCCTACATCCTGACCATGAGCATCCCC
CAGAACATGAGCAGCCACCTGAGCAGCAGGAGGAAGAGGAGCACCACCGCCCAGGACACC
TGCACCAGCTGCTGCGTGAGGAGCCTGTACATCGACTTCAGGAAGGACCTGGGCTGGAAG
TGGATCCACAAGCCCACCGGCTACCACGCCAACTACTGCATGGGCAGCTGCACCTACATC
TGGAACGCCGAGAACAAGTACAGCCAGATCCTGGCCCTGTACAAGCACCACAACCCCGGC
GCCAGCGCCCAGCCCTGCTGCGTGCCCCAGGCCCTGGAGCCCCTGCCCATCCTGTACTAC
GTGGGCAGGCAGCACAGGGTGGACGAGCTGAGCAACATGATCGTGAAGAGCTGCAGGTGC
AGC
","MRLGF---LLLLAAHMLDTVSVMSTCKTLDLEIVRQKRIEAIRSQILSKLRLSKAPEPDE
SGDKEEIPSAVVSLYNSTKDLLKDQQIEVQSTISPKQEEEEYFAKVLNKFNMTVRAKNDT
SCLESSKIMSFNMPVVRRSVGDASLLTSAELRMYIKDPRIP--EEQRVELYYSTNGSVRY
HASRFITNHLKDKWLSFDVTEPLQKWLREPGEDVQIFQLRVFCECGQS-S-SNFKFSISG
TES-IRGDQGQMRKMTEKLPYILTMSIPQNMSSHLSSRRKRSTTA----QDTCT----SC
CVRSLYIDFRKDLGWKWIHKPTGYHANYCMGSCTYIWNAENKYSQILALYKHHNPGASAQ
PCCVPQALEPLPILYYVGRQHRVDELSNMIVKSCRCS (381)",63.83,68.16,71.39,72.46,80.38,98.67,100,66.49,61.99,61.02
8:00,tr|A0A667Z0A5|A0A667Z0A5_9TELE,Myripristis murdjan (pinecone soldierfish),"ATGAGGGTGGCCTGCCTGGCCCTGGTGGCCGTGTGCCTGGTGGGCAGCGTGAGCGGCATG
AGCACCTGCAAGACCCTGGACCTGGAGCTGGTGAAGAAGAAGAGGATCGAGGCCATCAGG
GGCCAGATCCTGAGCAAGCTGAGGATGGCCAAGGAGCCCGAGCCCGAGGAGGCCGGCGAG
GAGGAGGACATCCCCGTGGGCCTGCAGAGCCTGTACAACAGCACCGAGGAGATGCTGAAG
GAGCAGCAGGCCCAGCCCGAGCCCATCAGCACCCAGCAGGAGGAGGAGGAGTACTTCGCC
AAGGAGCTGCACAAGTTCGACATGAAGAAGAGGAACGACAGCACCAAGCAGATGCACAGG
ATGGCCTTCGACATCGCCAACATCAGGCAGAGCGTGGGCAGCTACCACCTGCTGACCAGC
GCCGAGCTGAGGATGAGGATCAAGAAGCCCACCATGATGAGCGAGCAGAGGGTGGAGCTG
TACGAGGGCCTGGGCCCCGAGGCCAGGTACCTGGCCAGCAGGTTCATCACCAACAAGTGG
AACGACAAGTGGCTGAGCTTCGACGTGACCGAGACCCTGCAGAAGTGGCTGCAGCAGACC
GAGGACGAGCAGGGCTTCCAGCTGAAGCTGTTCTGCGAGTGCGGCCAGAGCACCGACGAC
AGCAGCTTCAGCTTCACCATCAGCGGCATCGACCTGGTGAGGGGCGACAAGCAGGCCCTG
AGCGCCGTGATGCAGGTGCCCTACATCCTGACCATGAGCATCCCCCAGAACAACAGCAAC
CAGCTGACCAGCAGGAAGAAGAGGAGCACCGGCACCGAGGAGGTGTGCACCGACAGCACC
GAGAGCTGCTGCGTGAGGAAGCTGTACATCGACTTCAGGAAGGACCTGGGCTGGAAGTGG
ATCCACAGGCCCAAGGGCTACCACGCCAACTACTGCATGGGCAGCTGCACCTACATCTGG
AGCGCCGAGAACAAGTACAGCCAGATCCTGGCCCTGTACAAGCACCACAACCCCGGCGCC
AGCGCCCAGCCCTGCTGCGTGCCCCAGGCCCTGGAGCCCCTGCCCATCCTGTACTACGTG
GGCAGGCAGCACAAGGTGGAGCAGCTGAGCAACATGATCGTGAAGAGCTGCAAGTGCAGC","MRVACLA---LVAVCLVGSVSGMSTCKTLDLELVKKKRIEAIRGQILSKLRMAKEPEPEE
AGEEEDIPVGLQSLYNSTEEMLKEQQAQPEPIST-QQEEEEYFAKELHKFDMKKRND---
-STKQMHRMAFDIANIRQSVGSYHLLTSAELRMRIKKPTM--MSEQRVELYEGLGPEARY
LASRFITNKWNDKWLSFDVTETLQKWLQQTE-DEQGFQLKLFCECGQSTDDSSFSFTISG
IDL-VRGDKQALS-AVMQVPYILTMSIPQNNSNQLTSRKKRSTG----TEEVCTDSTESC
CVRKLYIDFRKDLGWKWIHRPKGYHANYCMGSCTYIWSAENKYSQILALYKHHNPGASAQ
PCCVPQALEPLPILYYVGRQHKVEQLSNMIVKSCKCS (380)",63.34,69.95,64.78,64.78,69.53,66.94,66.49,100,71.93,70.74
9:00,tr|A0A1S3T2V4|A0A1S3T2V4_SALSA,Salmo salar (Atlantic salmon),"ATGAGGCTGGTGTGCCTGACCATCACCTGCCTGGCCGCCCTGTGCCTGGCCGGCAGCGTG
AACAGCATGAGCACCTGCAAGACCCTGGACCTGGAGCTGGTGAAGAAGAAGAGGATCGAG
GCCATCAGGGGCCAGATCCTGAGCAAGCTGAGGATGGCCAAGGAGCCCGAGGAGGGCCAG
ACCGGCGTGGAGAAGGACATCCCCGTGGCCCTGCTGAGCCTGTACAACAGCACCGTGGAG
CTGAGCGAGGAGCAGAAGCTGCAGCCCCAGCCCACCACCCACACCCTGGAGGAGGAGGAG
GAGTACTTCGCCAAGGAGGTGCACAAGTTCACCATGAAGCAGGACAAGAACGTGACCAAG
CACCAGATGCTGTTCAACCTGAAGGAGATGAGGAGCAGCATCGGCGACTACCACCTGCTG
AGCAGCGCCGAGCTGAGGCTGCTGATCAAGAACAGCAACATCCCCAGCGGCAGCGAGCAG
AGGCTGGAGCTGTACAAGGGCCTGCACGACAGCATGAGGTACCTGGGCAGCAGGTTCATC
ACCAACAAGTGGAGCGACAGGTGGCTGAGCTTCGACGTGACCGAGACCCTGAAGGAGTGG
CTGAAGGGCACCGAGGAGGAGCAGGGCTTCGAGCTGAAGCTGTACTGCGAGTGCGGCAAG
AGCGAGGAGCCCTTCCTGTTCACCATCAGCGGCCTGGACAGCGGCGTGAGGGGCGACGTG
GCCGGCCTGGCCAAGAACATGAGGAAGCCCCACATCCTGGCCATGAGCATCCCCCAGAAC
TACAGCAGCCAGCTGACCAGCAGCAGGAAGAAGAGGGCCACCACCACCGACGACACCTGC
ACCGACAAGACCGAGAACTGCTGCGTGAGGAAGCTGTACATCGACTTCAGGAAGGACCTG
GGCTGGAAGTGGATCCACAAGCCCAAGGGCTACCACGCCAACTACTGCATGGGCAGCTGC
ACCTACATCTGGAACGCCGAGAACAAGTACAGCCAGATCCTGGCCCTGTACAAGCACCAC
AACCCCGGCGCCAGCGCCCAGCCCTGCTGCGTGCCCCAGGTGCTGGACCCCCTGCCCATC
CTGTACTACGTGGGCAGGCAGCACAAGGTGGAGCAGCTGAGCAACATGATCGTGGAGAGC
TGCAAGTGCAGC","MRLVCLTITCLAALCLAGSVNSMSTCKTLDLELVKKKRIEAIRGQILSKLRMAKEPEEGQ
TGVEKDIPVALLSLYNSTVELSEEQKLQPQPTTHTLEEEEEYFAKEVHKFTMKQDKN---
-V--TKHQMLFNLKEMRSSIGDYHLLSSAELRLLIKNSNIPSGSEQRLELYKGLHDSMRY
LGSRFITNKWSDRWLSFDVTETLKEWLKGTE-EEQGFELKLYCECGKSEE--PFLFTISG
LDSGVRGDVAGLA-KNMRKPHILAMSIPQNYSSQLTSSRKKRATTTD---DTCTDKTENC
CVRKLYIDFRKDLGWKWIHKPKGYHANYCMGSCTYIWNAENKYSQILALYKHHNPGASAQ
PCCVPQVLDPLPILYYVGRQHKVEQLSNMIVESCKCS (384)",59.25,65.87,59.79,60.32,63.46,62.2,61.99,71.93,100,93.23
10:00,tr|A0A8C7FKZ1|A0A8C7FKZ1_ONCKI,Oncorhynchus kisutch (Coho salmon) (Salmo kisutch),"ATGAGGCTGGTGTGCCTGGTGCTGACCTGCCTGGCCGCCCTGTGCCTGGCCGGCAGCGTG
AGCAGCATGAGCACCTGCAAGACCCTGGACCTGGAGCTGGTGAAGAAGAAGAGGATCGAG
GCCATCAGGGGCCAGATCCTGAGCAAGCTGAGGATGCCCAAGGAGCCCGAGGAGGAGCAG
GCCGGCACCGGCAAGGAGATCCCCGTGGCCCTGCTGAGCCTGTACAACAGCACCGTGGAG
CTGACCGAGGAGCAGAAGCTGCAGCCCCACCCCACCACCCACACCCTGGAGGAGGAGGAG
GAGTACTTCGCCAAGGAGGTGCACAAGTTCACCATGAAGCAGGACAAGAACGTGACCAAG
CACCAGATGCTGTTCAACCTGAACGAGATGAGGAGCAGCATCGGCGACTACCACCTGCTG
AGCAGCGCCGAGCTGAGGCTGCTGATCAAGACCACCAACATCCCCAGCGGCAGCGAGCAG
AGGCTGGAGCTGTACAAGGGCCTGGGCGACAGCAGGAGGTACCTGGGCAGCAGGTTCGTG
ACCAACAAGTGGAGCGACAGGTGGCTGGCCTTCGACGTGACCGAGACCCTGAAGGAGTGG
CTGAAGGGCACCGAGGAGGAGCAGGGCTTCGAGCTGAAGCTGTACTGCGAGTGCGGCAAG
CCCATGGAGAAGTTCCTGTTCAGCATCAGCGGCCTGGACAGCGGCGTGAGGGGCGACGTG
GCCGGCCTGGCCAAGAACATGAGGAAGCCCCACATCCTGGCCATGAGCATCCCCCAGAAC
TACAGCAGCCAGCTGACCAGCAGCAGGAAGAAGAGGGCCGTGGCCACCGACACCGGCCTG
AACACCTGCACCGACAAGACCGAGAACTGCTGCGTGAGGAAGCTGTACATCGACTTCAGG
AAGGACCTGGGCTGGAAGTGGATCCACCAGCCCAAGGGCTACCACGCCAACTACTGCATG
GGCAGCTGCACCTACATCTGGAACGCCGAGAACAAGTACAGCCAGATCCTGGCCCTGTAC
AAGCACCACAACCCCGGCGCCAGCGCCCAGCCCTGCTGCGTGCCCCAGGTGCTGGACCCC
CTGCCCATCCTGTACTACGTGGGCAGGCAGCACAAGGTGGAGCAGCTGAGCAACATGATC
GTGGAGAGCTGCAAGTGCAGC","MRLVCLVLTCLAALCLAGSVSSMSTCKTLDLELVKKKRIEAIRGQILSKLRMPKEPEEEQ
AGTGKEIPVALLSLYNSTVELTEEQKLQPHPTTHTLEEEEEYFAKEVHKFTMKQDKN---
-V--TKHQMLFNLNEMRSSIGDYHLLSSAELRLLIKTTNIPSGSEQRLELYKGLGDSRRY
LGSRFVTNKWSDRWLAFDVTETLKEWLKGTE-EEQGFELKLYCECGKPME--KFLFSISG
LDSGVRGDVAGLA-KNMRKPHILAMSIPQNYSSQLTSSRKKRAVATDTGLNTCTDKTENC
CVRKLYIDFRKDLGWKWIHQPKGYHANYCMGSCTYIWNAENKYSQILALYKHHNPGASAQ
PCCVPQVLDPLPILYYVGRQHKVEQLSNMIVESCKCS (387)",59.09,65.96,59.63,59.63,63.01,61.23,61.02,70.74,93.23,100
