1:,sp|C0HJT6|HBB1_DISEL,Dissostichus eleginoides ,"GTGCACTGGACCGAGAAGGAGAGGACCATCATCACCGGCATCTTCAGCCACATGGACTAC
GAGGACATCGGCCCCAAGGCCCTGAGCAGGTGCCTGATCGTGTACCCCTGGACCCAGAGG
CACTTCAGCTGCTTCGGCAACCTGTACAACGCCGAGGCCATCATGGGCAACGCCAACGTG
GCCGCCCACGGCATCAAGGTGCTGCACGGCCTGGACAGGGGCGTGAAGAACATGGACAAC
ATCGTGGCCACCTACGCCGAGCTGAGCATCCTGCACAGCGAGAAGCTGCACGTGGACCCC
GACAACTTCAAGCTGCTGAGCGACTGCATCACCATCGTGGTGGCCGCCAAGATGGGCCAC
GCCTTCACCGGCGAGACCCAGGCCGCCTTCCAGAAGTTCCTGGCCGTGGTGGTGAGCGCC
CTGGGCAAGCAGTACCAC","VHWTEKERTIITGIFSHMDYEDIGPKALSRCLIVYPWTQRHFSCFGNLYNAEAIMGNAN
VAAHGIKVLHGLDRGVKNMDNIVATYAELSILHSEKLHVDPDNFKLLSDCITIVVAAKMG
HAFTGETQAAFQKFLAVVVSALGKQYH",100,95.21,89.04,86.99,91.1,87.67,90.41,88.36
2:,tr|H6QXI8|H6QXI8_DISMA,"
Dissostichus mawsoni","ATGGTGCACTGGACCGAGAAGGAGAGGAGCATCATCACCGGCATCTTCAGCCACATGGAC
TACGAGGACATCGGCCCCAAGGCCCTGTGCAGGTGCCTGGTGGTGTACCCCTGGACCCAG
AGGTACTTCAGCTGCTTCGGCAACCTGTACAACGCCGAGGCCATCATGGGCAACGCCAAC
GTGGCCGCCCACGGCATCAAGGTGCTGCACGGCCTGGACAGGGGCGTGAAGAACATGGAC
AACATCGCCGCCACCTACGCCGAGCTGAGCATCCTGCACAGCGAGAAGCTGCACGTGGAC
CCCGACAACTTCAAGCTGCTGAGCGACTGCATCACCATCGTGGTGGCCGCCAAGATGGGC
CACGCCTTCAACGCCGAGACCCAGGCCGCCTTCCAGAAGTTCCTGGCCGTGGTGGTGAGC
GCCCTGGGCAAGCAGTACCAC","MVHWTEKERSIITGIFSHMDYEDIGPKALCRCLVVYPWTQRYFSCFGNLYNAEAIMGNAN
VAAHGIKVLHGLDRGVKNMDNIAATYAELSILHSEKLHVDPDNFKLLSDCITIVVAAKMG
HAFNAETQAAFQKFLAVVVSALGKQYH",95.21,100,85.71,85.71,89.73,85.71,89.8,90.48
3:,tr|Q91129|Q91129_9TELE,Notothenia coriiceps,"ATGGTGAACTGGAGCGACAGCGAGAGGGCCATCATCACCGACATCTTCAGCCACATGGAC
TACGACGACATCGGCCCCAAGGCCCTGAGCAGGTGCCTGATCGTGTACCCCTGGACCCAG
AGGCACTTCAGCGGCTTCGGCAACCTGTACAACGCCGAGGCCATCCTGGGCAACGCCAAC
GTGGCCGCCCACGGCATCAAGGTGCTGCACGGCCTGGACAGGGGCGTGAAGAACATGGAC
AAGATCGTGGACGCCTACGCCGAGCTGAGCATGCTGCACAGCGAGAAGCTGCACGTGGAC
CCCGACAACTTCAAGCTGCTGAGCGACTGCATCACCATCGTGGTGGCCGCCAAGATGGGC
CACGCCTTCACCCCCGAGATCCAGGGCGCCTTCCAGAAGTTCCTGGCCGTGGTGGTGAGC
GCCCTGGGCAAGCAGTACCAC","MVNWSDSERAIITDIFSHMDYDDIGPKALSRCLIVYPWTQRHFSGFGNLYNAEAILGNAN
VAAHGIKVLHGLDRGVKNMDKIVDAYAELSMLHSEKLHVDPDNFKLLSDCITIVVAAKMG
HAFTPEIQGAFQKFLAVVVSALGKQYH",89.04,85.71,100,86.39,91.1,89.12,89.8,87.07
4:,sp|O93348|HBB1_PAGBO,Pagothenia borchgrevinki (Bald rockcod) (Trematomus borchgrevinki),"ATGGTGGAGTGGACCGACAAGGAGAGGAGCATCATCAGCGACATCTTCAGCCACCTGGAC
TACGAGGACATCGGCCCCAAGGCCCTGAGCAGGTGCCTGATCGTGTACCCCTGGACCCAG
AGGCACTTCAGCGGCTTCGGCAACCTGTACAACGCCGAGAGCATCATCGGCAACGCCAAC
GTGGCCGCCCACGGCATCAAGGTGCTGCACGGCCTGGACAGGGGCCTGAAGAACATGGAC
AACATCGAGGCCACCTACGCCGACCTGAGCACCCTGCACAGCGAGAAGCTGCACGTGGAC
CCCGACAACTTCAAGCTGCTGGCCGACTGCATCACCATCGTGCTGGCCGCCAAGATGGGC
CAGGCCTTCACCGCCGAGATCCAGGGCGCCTTCCAGAAGTTCCTGGCCGTGGTGGTGAGC
GCCCTGGGCAAGCAGTACCAC","MVEWTDKERSIISDIFSHLDYEDIGPKALSRCLIVYPWTQRHFSGFGNLYNAESIIGNAN
VAAHGIKVLHGLDRGLKNMDNIEATYADLSTLHSEKLHVDPDNFKLLADCITIVLAAKMG
QAFTAEIQGAFQKFLAVVVSALGKQYH",86.99,85.71,86.39,100,90.41,91.16,94.56,91.84
5:,sp|P83612|HBB1_GOBGI,Gobionotothen gibberifrons (Humped rockcod) (Notothenia gibberifrons),"GTGGAGTGGACCGACAAGGAGAGGGCCATCATCACCGACATCTTCAGCCACATGGACTAC
GACGACATCGGCCCCAAGGCCCTGAGCAGGTGCCTGATCGTGTACCCCTGGACCCAGAGG
CACTTCAGCGGCTTCGGCAACCTGTACAACGCCGAGGCCATCATCGGCAACGCCAACGTG
GCCGCCCACGGCATCAAGGTGCTGCACGGCCTGGACAGGGGCGTGAAGAACATGGACAAC
ATCGCCGCCACCTACGCCGAGCTGAGCACCCTGCACAGCGAGAAGCTGCACGTGGACCCC
GACAACTTCAAGCTGCTGAGCGACTGCATCACCATCGTGGTGGCCGCCAAGCTGGGCCAC
GCCTTCACCGCCGAGACCCAGGGCGCCCTGCAGAAGTTCCTGGCCGTGGTGGTGAGCGCC
CTGGGCAAGCAGTACCAC","VEWTDKERAIITDIFSHMDYDDIGPKALSRCLIVYPWTQRHFSGFGNLYNAEAIIGNAN
VAAHGIKVLHGLDRGVKNMDNIAATYAELSTLHSEKLHVDPDNFKLLSDCITIVVAAKLG
HAFTAETQGALQKFLAVVVSALGKQYH",91.1,89.73,91.1,90.41,100,92.47,95.89,92.47
6:,sp|O93349|HBB2_TRENE,"
Trematomus newnesi (Dusky notothen)","ATGGTGGAGTGGACCGACAAGGAGAGGACCATCATCAGCGACATCTTCAGCCACATGGAC
TACGACGACATCGGCCCCAAGGCCCTGAGCAGGTGCCTGATCGTGTACCCCTGGACCCAG
AGGCACTTCAGCGGCTTCGGCAACCTGTACAACGCCGAGGCCATCATCGGCAACGCCAAC
GTGGCCGCCCACGGCATCAAGGTGCTGCACGGCCTGGACAGGGGCATGAAGAACATGGAC
AACATCGCCGACGCCTACACCGACCTGAGCACCCTGCACAGCGAGAAGCTGCACGTGGAC
CCCGACAACTTCAAGCTGCTGAGCGACTGCATCACCATCGTGCTGGCCGCCAAGATGGGC
CACGCCTTCACCGCCGAGACCCAGGGCGCCTTCCAGAAGTTCCTGGCCGCCGTGGTGAGC
GCCCTGGGCAAGCAGTACCAC","MVEWTDKERTIISDIFSHMDYDDIGPKALSRCLIVYPWTQRHFSGFGNLYNAEAIIGNAN
VAAHGIKVLHGLDRGMKNMDNIADAYTDLSTLHSEKLHVDPDNFKLLSDCITIVLAAKMG
HAFTAETQGAFQKFLAAVVSALGKQYH",87.67,85.71,89.12,91.16,92.47,100,95.92,92.52
7:,sp|P80044|HBB_TREBE,Trematomus bernacchii (Emerald rockcod) (Pseudotrematomus bernacchii),"ATGGTGGAGTGGACCGACAAGGAGAGGAGCATCATCAGCGACATCTTCAGCCACATGGAC
TACGACGACATCGGCCCCAAGGCCCTGAGCAGGTGCCTGATCGTGTACCCCTGGACCCAG
AGGCACTTCAGCGGCTTCGGCAACCTGTACAACGCCGAGGCCATCATCGGCAACGCCAAC
GTGGCCGCCCACGGCATCAAGGTGCTGCACGGCCTGGACAGGGGCGTGAAGAACATGGAC
AACATCGCCGCCACCTACGCCGACCTGAGCACCCTGCACAGCGAGAAGCTGCACGTGGAC
CCCGACAACTTCAAGCTGCTGAGCGACTGCATCACCATCGTGCTGGCCGCCAAGATGGGC
CACGCCTTCACCGCCGAGACCCAGGGCGCCTTCCAGAAGTTCCTGGCCGTGGTGGTGAGC
GCCCTGGGCAAGCAGTACCAC","MVEWTDKERSIISDIFSHMDYDDIGPKALSRCLIVYPWTQRHFSGFGNLYNAEAIIGNAN
VAAHGIKVLHGLDRGVKNMDNIAATYADLSTLHSEKLHVDPDNFKLLSDCITIVLAAKMG
HAFTAETQGAFQKFLAVVVSALGKQYH",90.41,89.8,89.8,94.56,95.89,95.92,100,96.6
8:,sp|O93351|HBB_TREHA,Trematomus hansoni (Striped rockcod) (Notothenia hansoni),"ATGGTGGAGTGGACCGACAAGGAGAGGAGCATCATCAGCGACATCTTCAGCCACATGGAC
TACGACGACATCGGCCCCAAGGCCCTGAGCAGGTGCCTGGTGGTGTACCCCTGGACCCAG
AGGTACTTCAGCGGCTTCGGCAACCTGTACAACGCCGAGGGCATCATGAGCAACGCCAAC
GTGGCCGCCCACGGCATCAAGGTGCTGCACGGCCTGGACAGGGGCGTGAAGAACATGGAC
AACATCGCCGCCACCTACGCCGACCTGAGCACCCTGCACAGCGAGAAGCTGCACGTGGAC
CCCGACAACTTCAAGCTGCTGAGCGACTGCATCACCATCGTGCTGGCCGCCAAGATGGGC
CACGCCTTCACCGCCGAGACCCAGGGCGCCTTCCAGAAGTTCCTGGCCGTGGTGGTGAGC
GCCCTGGGCAAGCAGTACCAC","MVEWTDKERSIISDIFSHMDYDDIGPKALSRCLVVYPWTQRYFSGFGNLYNAEGIMSNAN
VAAHGIKVLHGLDRGVKNMDNIAATYADLSTLHSEKLHVDPDNFKLLSDCITIVLAAKMG
HAFTAETQGAFQKFLAVVVSALGKQYH",88.36,90.48,87.07,91.84,92.47,92.52,96.6,100
,,,,,,,,,,,,
,,,,,,,,,,,,
Gene: Hemoglobin subunit beta,,,,,,,,,,,,